,PassengerId,Survived,Pclass,Sex,Age,SibSp,Parch,Fare,Normalized fare
0,1,0,3,0,22.0,1,0,7.25,-0.5021631365156045
1,2,1,1,1,38.0,1,0,71.2833,0.7864036178345388
2,3,1,3,1,26.0,0,0,7.925,-0.4885798515812602
3,4,1,1,1,35.0,1,0,53.1,0.4204940697654099
4,5,0,3,0,35.0,0,0,8.05,-0.48606442844527054
5,6,0,3,0,29.69911764705882,0,0,8.4583,-0.47784805031387384
6,7,0,1,0,54.0,0,0,51.8625,0.39559138071911193
7,8,0,3,0,2.0,3,1,21.075,-0.223957337675146
8,9,1,3,1,27.0,0,2,11.1333,-0.42401799520369476
9,10,1,2,1,14.0,1,0,30.0708,-0.04293139010125837
10,11,1,3,1,4.0,1,1,16.7,-0.3119971474347848
11,12,1,1,1,58.0,0,0,26.55,-0.11378180431879803
12,13,0,3,0,20.0,0,0,8.05,-0.48606442844527054
13,14,0,3,0,39.0,1,5,31.275,-0.018698809778388194
14,15,0,3,1,14.0,0,0,7.8542,-0.49000458724548485
15,16,1,2,1,55.0,0,0,16.0,-0.326083516996327
16,17,0,3,0,2.0,4,1,29.125,-0.061964087717410646
17,18,1,2,0,29.69911764705882,0,0,13.0,-0.38645367226007926
18,19,0,3,1,31.0,1,0,18.0,-0.2858367468204921
19,20,1,3,1,29.69911764705882,0,0,7.225,-0.5026662211428025
20,21,0,2,0,35.0,0,0,26.0,-0.12484966611715263
21,22,1,2,0,34.0,0,0,13.0,-0.38645367226007926
22,23,1,3,1,15.0,0,0,8.0292,-0.48648299485509927
23,24,1,1,0,28.0,0,0,35.5,0.066322492218063
24,25,0,3,1,8.0,3,1,21.075,-0.223957337675146
25,26,1,3,1,38.0,1,5,31.3875,-0.016434928955997467
26,27,0,3,0,29.69911764705882,0,0,7.225,-0.5026662211428025
27,28,0,1,0,19.0,3,2,263.0,4.644392599719279
28,29,1,3,1,29.69911764705882,0,0,7.8792,-0.48950150261828684
29,30,0,3,0,29.69911764705882,0,0,7.8958,-0.48916745442582743
30,31,0,1,0,40.0,0,0,27.7208,-0.09022134505786429
31,32,1,1,1,29.69911764705882,1,0,146.5208,2.3004368033867273
32,33,1,3,1,29.69911764705882,0,0,7.75,-0.4921014439716458
33,34,0,2,0,66.0,0,0,10.5,-0.4367621349798729
34,35,0,1,0,28.0,1,0,82.1708,1.00549697297924
35,36,0,1,0,42.0,1,0,52.0,0.39835834616870064
36,37,1,3,0,29.69911764705882,0,0,7.2292,-0.5025817029254332
37,38,0,3,0,21.0,0,0,8.05,-0.48606442844527054
38,39,0,3,1,18.0,2,0,18.0,-0.2858367468204921
39,40,1,3,1,14.0,1,0,11.2417,-0.42183662026016444
40,41,0,3,1,40.0,1,0,9.475,-0.4573886046949882
41,42,0,2,1,27.0,1,0,21.0,-0.2254665915567398
42,43,0,3,0,29.69911764705882,0,0,7.8958,-0.48916745442582743
43,44,1,2,1,3.0,1,2,41.5792,0.18865657484453066
44,45,1,3,1,19.0,0,0,7.8792,-0.48950150261828684
45,46,0,3,0,29.69911764705882,0,0,8.05,-0.48606442844527054
46,47,0,3,0,29.69911764705882,1,0,15.5,-0.3361452095402857
47,48,1,3,1,29.69911764705882,0,0,7.75,-0.4921014439716458
48,49,0,3,0,29.69911764705882,2,0,21.6792,-0.21179878840502625
49,50,0,3,1,18.0,1,0,17.8,-0.28986142383807556
50,51,0,3,0,7.0,4,1,39.6875,0.15058916727371724
51,52,0,3,0,21.0,0,0,7.8,-0.4910952747172499
52,53,1,1,1,49.0,1,0,76.7292,0.8959935606848286
53,54,1,2,1,29.0,1,0,26.0,-0.12484966611715263
54,55,0,1,0,65.0,0,1,61.9792,0.5991736306380463
55,56,1,1,0,29.69911764705882,0,0,35.5,0.066322492218063
56,57,1,2,1,21.0,0,0,10.5,-0.4367621349798729
57,58,0,3,0,28.5,0,0,7.2292,-0.5025817029254332
58,59,1,2,1,5.0,1,2,27.75,-0.08963374221329712
59,60,0,3,0,11.0,5,2,46.9,0.29572908222032174
60,61,0,3,0,22.0,0,0,7.2292,-0.5025817029254332
61,62,1,1,1,38.0,0,0,80.0,0.9618131286303888
62,63,0,1,0,45.0,1,0,83.475,1.0317418918109018
63,64,0,3,0,4.0,3,2,27.9,-0.08661523445010953
64,65,0,1,0,29.69911764705882,0,0,27.7208,-0.09022134505786429
65,66,1,3,0,29.69911764705882,1,1,15.2458,-0.34126057402963433
66,67,1,2,1,29.0,0,0,10.5,-0.4367621349798729
67,68,0,3,0,19.0,0,0,8.1583,-0.4838850658402491
68,69,1,3,1,17.0,4,2,7.925,-0.4885798515812602
69,70,0,3,0,26.0,2,0,8.6625,-0.4737388550789211
70,71,0,2,0,32.0,0,0,10.5,-0.4367621349798729
71,72,0,3,1,16.0,5,2,46.9,0.29572908222032174
72,73,0,2,0,21.0,0,0,73.5,0.8310111255589255
73,74,0,3,0,26.0,1,0,14.4542,-0.3571902456652297
74,75,1,3,0,32.0,0,0,56.4958,0.48882906084695993
75,76,0,3,0,25.0,0,0,7.65,-0.4941137824804376
76,77,0,3,0,29.69911764705882,0,0,7.8958,-0.48916745442582743
77,78,0,3,0,29.69911764705882,0,0,8.05,-0.48606442844527054
78,79,1,2,0,0.83,0,2,29.0,-0.06447951085340033
79,80,1,3,1,30.0,0,0,12.475,-0.3970184494312359
80,81,0,3,0,22.0,0,0,9.0,-0.466947212611749
81,82,1,3,0,29.0,0,0,9.5,-0.4568855200677903
82,83,1,3,1,29.69911764705882,0,0,7.7875,-0.49134681703084887
83,84,0,1,0,28.0,0,0,47.1,0.29975375923790526
84,85,1,2,1,17.0,0,0,10.5,-0.4367621349798729
85,86,1,3,1,33.0,3,0,15.85,-0.32910202475951456
86,87,0,3,0,16.0,1,3,34.375,0.043683683994155884
87,88,0,3,0,29.69911764705882,0,0,8.05,-0.48606442844527054
88,89,1,1,1,23.0,3,2,263.0,4.644392599719279
89,90,0,3,0,24.0,0,0,8.05,-0.48606442844527054
90,91,0,3,0,29.0,0,0,8.05,-0.48606442844527054
91,92,0,3,0,20.0,0,0,7.8542,-0.49000458724548485
92,93,0,1,0,46.0,1,0,61.175,0.5829904043503431
93,94,0,3,0,26.0,1,2,20.575,-0.23401903021910472
94,95,0,3,0,59.0,0,0,7.25,-0.5021631365156045
95,96,0,3,0,29.69911764705882,0,0,8.05,-0.48606442844527054
96,97,0,1,0,71.0,0,0,34.6542,0.04930213311070249
97,98,1,1,0,23.0,0,1,63.3583,0.6269257910127932
98,99,1,2,1,34.0,0,1,23.0,-0.18521982138090493
99,100,0,2,0,34.0,1,0,26.0,-0.12484966611715263
100,101,0,3,1,28.0,0,0,7.8958,-0.48916745442582743
101,102,0,3,0,29.69911764705882,0,0,7.8958,-0.48916745442582743
102,103,0,1,0,21.0,0,1,77.2875,0.9072284465794127
103,104,0,3,0,33.0,0,0,8.6542,-0.47390587917515087
104,105,0,3,0,37.0,2,0,7.925,-0.4885798515812602
105,106,0,3,0,28.0,0,0,7.8958,-0.48916745442582743
106,107,1,3,1,21.0,0,0,7.65,-0.4941137824804376
107,108,1,3,0,29.69911764705882,0,0,7.775,-0.4915983593444479
108,109,0,3,0,38.0,0,0,7.8958,-0.48916745442582743
109,110,1,3,1,29.69911764705882,1,0,24.15,-0.1620779285297999
110,111,0,1,0,47.0,0,0,52.0,0.39835834616870064
111,112,0,3,1,14.5,1,0,14.4542,-0.3571902456652297
112,113,0,3,0,22.0,0,0,8.05,-0.48606442844527054
113,114,0,3,1,20.0,1,0,9.825,-0.4503454199142171
114,115,0,3,1,17.0,0,0,14.4583,-0.3571077397863693
115,116,0,3,0,21.0,0,0,7.925,-0.4885798515812602
116,117,0,3,0,70.5,0,0,7.75,-0.4921014439716458
117,118,0,2,0,29.0,1,0,21.0,-0.2254665915567398
118,119,0,1,0,24.0,0,1,247.5208,4.332898697266388
119,120,0,3,1,2.0,4,2,31.275,-0.018698809778388194
120,121,0,2,0,21.0,2,0,73.5,0.8310111255589255
121,122,0,3,0,29.69911764705882,0,0,8.05,-0.48606442844527054
122,123,0,2,0,32.5,1,0,30.0708,-0.04293139010125837
123,124,1,2,1,32.5,0,0,13.0,-0.38645367226007926
124,125,0,1,0,54.0,0,1,77.2875,0.9072284465794127
125,126,1,3,0,12.0,1,0,11.2417,-0.42183662026016444
126,127,0,3,0,29.69911764705882,0,0,7.75,-0.4921014439716458
127,128,1,3,0,24.0,0,0,7.1417,-0.504342499120626
128,129,1,3,1,29.69911764705882,1,1,22.3583,-0.19813299759182154
129,130,0,3,0,45.0,0,0,6.975,-0.5076970674147818
130,131,0,3,0,33.0,0,0,7.8958,-0.48916745442582743
131,132,0,3,0,20.0,0,0,7.05,-0.506187813533188
132,133,0,3,1,47.0,1,0,14.5,-0.35626859462820315
133,134,1,2,1,29.0,1,0,26.0,-0.12484966611715263
134,135,0,2,0,25.0,0,0,13.0,-0.38645367226007926
135,136,0,2,0,23.0,0,0,15.0458,-0.3452852510472178
136,137,1,1,1,19.0,0,2,26.2833,-0.1191487111217456
137,138,0,1,0,37.0,1,0,53.1,0.4204940697654099
138,139,0,3,0,16.0,0,0,9.2167,-0.46258647506319733
139,140,0,1,0,24.0,0,0,79.2,0.945714420560055
140,141,0,3,1,29.69911764705882,0,2,15.2458,-0.34126057402963433
141,142,1,3,1,22.0,0,0,7.75,-0.4921014439716458
142,143,1,3,1,24.0,1,0,15.85,-0.32910202475951456
143,144,0,3,0,19.0,0,0,6.75,-0.5122248290595632
144,145,0,2,0,18.0,0,0,11.5,-0.41663874989195543
145,146,0,2,0,19.0,1,1,36.75,0.09147672357795979
146,147,1,3,0,27.0,0,0,7.7958,-0.49117979293461916
147,148,0,3,1,9.0,2,2,34.375,0.043683683994155884
148,149,0,2,0,36.5,0,2,26.0,-0.12484966611715263
149,150,0,2,0,42.0,0,0,13.0,-0.38645367226007926
150,151,0,2,0,51.0,0,0,12.525,-0.3960122801768401
151,152,1,1,1,22.0,1,0,66.6,0.6921597684522951
152,153,0,3,0,55.5,0,0,8.05,-0.48606442844527054
153,154,0,3,0,40.5,0,2,14.5,-0.35626859462820315
154,155,0,3,0,29.69911764705882,0,0,7.3125,-0.5009054249476097
155,156,0,1,0,51.0,0,1,61.3792,0.5870995995852958
156,157,1,3,1,16.0,0,0,7.7333,-0.49243750450261403
157,158,0,3,0,30.0,0,0,8.05,-0.48606442844527054
158,159,0,3,0,29.69911764705882,0,0,8.6625,-0.4737388550789211
159,160,0,3,0,29.69911764705882,8,2,69.55,0.7515237544616515
160,161,0,3,0,44.0,0,1,16.1,-0.3240711784875352
161,162,1,2,1,40.0,0,0,15.75,-0.33111436326830634
162,163,0,3,0,26.0,0,0,7.775,-0.4915983593444479
163,164,0,3,0,17.0,0,0,8.6625,-0.4737388550789211
164,165,0,3,0,1.0,4,1,39.6875,0.15058916727371724
165,166,1,3,0,9.0,0,2,20.525,-0.23502519947350062
166,167,1,1,1,29.69911764705882,0,1,55.0,0.458728501432453
167,168,0,3,1,45.0,1,4,27.9,-0.08661523445010953
168,169,0,1,0,29.69911764705882,0,0,25.925,-0.12635891999874643
169,170,0,3,0,28.0,0,0,56.4958,0.48882906084695993
170,171,0,1,0,61.0,0,0,33.5,0.026075722042228126
171,172,0,3,0,4.0,4,1,29.125,-0.061964087717410646
172,173,1,3,1,1.0,1,1,11.1333,-0.42401799520369476
173,174,0,3,0,21.0,0,0,7.925,-0.4885798515812602
174,175,0,1,0,56.0,0,0,30.6958,-0.030354274421309974
175,176,0,3,0,18.0,1,1,7.8542,-0.49000458724548485
176,177,0,3,0,29.69911764705882,3,1,25.4667,-0.135581467384539
177,178,0,1,1,50.0,0,0,28.7125,-0.07026498406617662
178,179,0,2,0,30.0,0,0,13.0,-0.38645367226007926
179,180,0,3,0,36.0,0,0,0.0,-0.6480576784030059
180,181,0,3,1,29.69911764705882,8,2,69.55,0.7515237544616515
181,182,0,2,0,29.69911764705882,0,0,15.05,-0.34520073282984853
182,183,0,3,0,9.0,4,2,31.3875,-0.016434928955997467
183,184,1,2,0,1.0,2,1,39.0,0.13675434002577402
184,185,1,3,1,4.0,0,2,22.025,-0.20484012184162445
185,186,0,1,0,29.69911764705882,0,0,50.0,0.3581115759928658
186,187,1,3,1,29.69911764705882,1,0,15.5,-0.3361452095402857
187,188,1,1,0,45.0,0,0,26.55,-0.11378180431879803
188,189,0,3,0,40.0,1,1,15.5,-0.3361452095402857
189,190,0,3,0,36.0,0,0,7.8958,-0.48916745442582743
190,191,1,2,1,32.0,0,0,13.0,-0.38645367226007926
191,192,0,2,0,19.0,0,0,13.0,-0.38645367226007926
192,193,1,3,1,19.0,1,0,7.8542,-0.49000458724548485
193,194,1,2,0,3.0,1,1,26.0,-0.12484966611715263
194,195,1,1,1,44.0,0,0,27.7208,-0.09022134505786429
195,196,1,1,1,58.0,0,0,146.5208,2.3004368033867273
196,197,0,3,0,29.69911764705882,0,0,7.75,-0.4921014439716458
197,198,0,3,0,42.0,0,1,8.4042,-0.47893672544713023
198,199,1,3,1,29.69911764705882,0,0,7.75,-0.4921014439716458
199,200,0,2,1,24.0,0,0,13.0,-0.38645367226007926
200,201,0,3,0,28.0,0,0,9.5,-0.4568855200677903
201,202,0,3,0,29.69911764705882,8,2,69.55,0.7515237544616515
202,203,0,3,0,34.0,0,0,6.4958,-0.5173401935489119
203,204,0,3,0,45.5,0,0,7.225,-0.5026662211428025
204,205,1,3,0,18.0,0,0,8.05,-0.48606442844527054
205,206,0,3,1,2.0,0,1,10.4625,-0.4375167619206698
206,207,0,3,0,32.0,1,0,15.85,-0.32910202475951456
207,208,1,3,0,26.0,0,0,18.7875,-0.2699895810637571
208,209,1,3,1,16.0,0,0,7.75,-0.4921014439716458
209,210,1,1,0,40.0,0,0,31.0,-0.024232740677565458
210,211,0,3,0,24.0,0,0,7.05,-0.506187813533188
211,212,1,2,1,35.0,0,0,21.0,-0.2254665915567398
212,213,0,3,0,22.0,0,0,7.25,-0.5021631365156045
213,214,0,2,0,30.0,0,0,13.0,-0.38645367226007926
214,215,0,3,0,29.69911764705882,1,0,7.75,-0.4921014439716458
215,216,1,1,1,31.0,1,0,113.275,1.6314187674308418
216,217,1,3,1,27.0,0,0,7.925,-0.4885798515812602
217,218,0,2,0,42.0,1,0,27.0,-0.1047262810292352
218,219,1,1,1,32.0,0,0,76.2917,0.8871895797088647
219,220,0,2,0,30.0,0,0,10.5,-0.4367621349798729
220,221,1,3,0,16.0,0,0,8.05,-0.48606442844527054
221,222,0,2,0,27.0,0,0,13.0,-0.38645367226007926
222,223,0,3,0,51.0,0,0,8.05,-0.48606442844527054
223,224,0,3,0,29.69911764705882,0,0,7.8958,-0.48916745442582743
224,225,1,1,0,38.0,1,0,90.0,1.1630469795095633
225,226,0,3,0,22.0,0,0,9.35,-0.4599040278309779
226,227,1,2,0,19.0,0,0,10.5,-0.4367621349798729
227,228,0,3,0,20.5,0,0,7.25,-0.5021631365156045
228,229,0,2,0,18.0,0,0,13.0,-0.38645367226007926
229,230,0,3,1,29.69911764705882,3,1,25.4667,-0.135581467384539
230,231,1,1,1,35.0,1,0,83.475,1.0317418918109018
231,232,0,3,0,29.0,0,0,7.775,-0.4915983593444479
232,233,0,2,0,59.0,0,0,13.5,-0.37639197971612054
233,234,1,3,1,5.0,4,2,31.3875,-0.016434928955997467
234,235,0,2,0,24.0,0,0,10.5,-0.4367621349798729
235,236,0,3,1,29.69911764705882,0,0,7.55,-0.49612612098922926
236,237,0,2,0,44.0,1,0,26.0,-0.12484966611715263
237,238,1,2,1,8.0,0,2,26.25,-0.11981881984517327
238,239,0,2,0,19.0,0,0,10.5,-0.4367621349798729
239,240,0,2,0,33.0,0,0,12.275,-0.40104312644881945
240,241,0,3,1,29.69911764705882,1,0,14.4542,-0.3571902456652297
241,242,1,3,1,29.69911764705882,1,0,15.5,-0.3361452095402857
242,243,0,2,0,29.0,0,0,10.5,-0.4367621349798729
243,244,0,3,0,22.0,0,0,7.125,-0.5046785596515942
244,245,0,3,0,30.0,0,0,7.225,-0.5026662211428025
245,246,0,1,0,44.0,2,0,90.0,1.1630469795095633
246,247,0,3,1,25.0,0,0,7.775,-0.4915983593444479
247,248,1,2,1,24.0,0,2,14.5,-0.35626859462820315
248,249,1,1,0,37.0,1,1,52.5542,0.4095107261844245
249,250,0,2,0,54.0,1,0,26.0,-0.12484966611715263
250,251,0,3,0,29.69911764705882,0,0,7.25,-0.5021631365156045
251,252,0,3,1,29.0,1,1,10.4625,-0.4375167619206698
252,253,0,1,0,62.0,0,0,26.55,-0.11378180431879803
253,254,0,3,0,30.0,1,0,16.1,-0.3240711784875352
254,255,0,3,1,41.0,0,2,20.2125,-0.24131375731347482
255,256,1,3,1,29.0,0,2,15.2458,-0.34126057402963433
256,257,1,1,1,29.69911764705882,0,0,79.2,0.945714420560055
257,258,1,1,1,30.0,0,0,86.5,1.0926151317018522
258,259,1,1,1,35.0,0,0,512.3292,9.661740104981662
259,260,1,2,1,50.0,0,1,26.0,-0.12484966611715263
260,261,0,3,0,29.69911764705882,0,0,7.75,-0.4921014439716458
261,262,1,3,0,3.0,4,2,31.3875,-0.016434928955997467
262,263,0,1,0,52.0,1,1,79.65,0.9547699438496179
263,264,0,1,0,40.0,0,0,0.0,-0.6480576784030059
264,265,0,3,1,29.69911764705882,0,0,7.75,-0.4921014439716458
265,266,0,2,0,36.0,0,0,10.5,-0.4367621349798729
266,267,0,3,0,16.0,4,1,39.6875,0.15058916727371724
267,268,1,3,0,25.0,1,0,7.775,-0.4915983593444479
268,269,1,1,1,58.0,0,1,153.4625,2.4401273056515236
269,270,1,1,1,35.0,0,0,135.6333,2.0813434482420257
270,271,0,1,0,29.69911764705882,0,0,31.0,-0.024232740677565458
271,272,1,3,0,25.0,0,0,0.0,-0.6480576784030059
272,273,1,2,1,41.0,0,1,19.5,-0.2556516691886159
273,274,0,1,0,37.0,0,1,29.7,-0.05039314129185814
274,275,1,3,1,29.69911764705882,0,0,7.75,-0.4921014439716458
275,276,1,1,1,63.0,1,0,77.9583,0.9207272132963876
276,277,0,3,1,45.0,0,0,7.75,-0.4921014439716458
277,278,0,2,0,29.69911764705882,0,0,0.0,-0.6480576784030059
278,279,0,3,0,7.0,4,1,29.125,-0.061964087717410646
279,280,1,3,1,35.0,1,1,20.25,-0.24055913037267787
280,281,0,3,0,65.0,0,0,7.75,-0.4921014439716458
281,282,0,3,0,28.0,0,0,7.8542,-0.49000458724548485
282,283,0,3,0,16.0,0,0,9.5,-0.4568855200677903
283,284,1,3,0,19.0,0,0,8.05,-0.48606442844527054
284,285,0,1,0,29.69911764705882,0,0,26.0,-0.12484966611715263
285,286,0,3,0,33.0,0,0,8.6625,-0.4737388550789211
286,287,1,3,0,30.0,0,0,9.5,-0.4568855200677903
287,288,0,3,0,22.0,0,0,7.8958,-0.48916745442582743
288,289,1,2,0,42.0,0,0,13.0,-0.38645367226007926
289,290,1,3,1,22.0,0,0,7.75,-0.4921014439716458
290,291,1,1,1,26.0,0,0,78.85,0.9386712357792837
291,292,1,1,1,19.0,1,0,91.0792,1.1847641366964436
292,293,0,2,0,36.0,0,0,12.875,-0.38896909539606894
293,294,0,3,1,24.0,0,0,8.85,-0.4699657203749366
294,295,0,3,0,24.0,0,0,7.8958,-0.48916745442582743
295,296,0,1,0,29.69911764705882,0,0,27.7208,-0.09022134505786429
296,297,0,3,0,23.5,0,0,7.2292,-0.5025817029254332
297,298,0,1,1,2.0,1,2,151.55,2.4016413316708816
298,299,1,1,0,29.69911764705882,0,0,30.5,-0.03429443322152417
299,300,1,1,1,50.0,0,1,247.5208,4.332898697266388
300,301,1,3,1,29.69911764705882,0,0,7.75,-0.4921014439716458
301,302,1,3,0,29.69911764705882,2,0,23.25,-0.18018897510892556
302,303,0,3,0,19.0,0,0,0.0,-0.6480576784030059
303,304,1,2,1,29.69911764705882,0,0,12.35,-0.39953387256722556
304,305,0,3,0,29.69911764705882,0,0,8.05,-0.48606442844527054
305,306,1,1,0,0.92,1,2,151.55,2.4016413316708816
306,307,1,1,1,29.69911764705882,0,0,110.8833,1.5832896673160692
307,308,1,1,1,17.0,1,0,108.9,1.543378957671203
308,309,0,2,0,30.0,1,0,24.0,-0.1650964362929875
309,310,1,1,1,30.0,0,0,56.9292,0.4975505359440633
310,311,1,1,1,24.0,0,0,83.1583,1.0253688157535583
311,312,1,1,1,18.0,2,2,262.375,4.631815484039331
312,313,0,2,1,26.0,1,1,26.0,-0.12484966611715263
313,314,0,3,0,28.0,0,0,7.8958,-0.48916745442582743
314,315,0,2,0,43.0,1,1,26.25,-0.11981881984517327
315,316,1,3,1,26.0,0,0,7.8542,-0.49000458724548485
316,317,1,2,1,24.0,1,0,26.0,-0.12484966611715263
317,318,0,2,0,54.0,0,0,14.0,-0.3663302871721618
318,319,1,1,1,31.0,0,2,164.8667,2.669618413871152
319,320,1,1,1,40.0,1,1,134.5,2.0585376159218893
320,321,0,3,0,22.0,0,0,7.25,-0.5021631365156045
321,322,0,3,0,27.0,0,0,7.8958,-0.48916745442582743
322,323,1,2,1,30.0,0,0,12.35,-0.39953387256722556
323,324,1,2,1,22.0,1,1,29.0,-0.06447951085340033
324,325,0,3,0,29.69911764705882,8,2,69.55,0.7515237544616515
325,326,1,1,1,36.0,0,0,135.6333,2.0813434482420257
326,327,0,3,0,61.0,0,0,6.2375,-0.5225380639171209
327,328,1,2,1,36.0,0,0,13.0,-0.38645367226007926
328,329,1,3,1,31.0,1,1,20.525,-0.23502519947350062
329,330,1,1,1,16.0,0,1,57.9792,0.5186800902863765
330,331,1,3,1,29.69911764705882,2,0,23.25,-0.18018897510892556
331,332,0,1,0,45.5,0,0,28.5,-0.07454120339735905
332,333,0,1,0,38.0,0,1,153.4625,2.4401273056515236
333,334,0,3,0,16.0,2,0,18.0,-0.2858367468204921
334,335,1,1,1,29.69911764705882,1,0,133.65,2.0414327385971593
335,336,0,3,0,29.69911764705882,0,0,7.8958,-0.48916745442582743
336,337,0,1,0,29.0,1,0,66.6,0.6921597684522951
337,338,1,1,1,41.0,0,0,134.5,2.0585376159218893
338,339,1,3,0,45.0,0,0,8.05,-0.48606442844527054
339,340,0,1,0,45.0,0,0,35.5,0.066322492218063
340,341,1,2,0,2.0,1,1,26.0,-0.12484966611715263
341,342,1,1,1,24.0,3,2,263.0,4.644392599719279
342,343,0,2,0,28.0,0,0,13.0,-0.38645367226007926
343,344,0,2,0,25.0,0,0,13.0,-0.38645367226007926
344,345,0,2,0,36.0,0,0,13.0,-0.38645367226007926
345,346,1,2,1,24.0,0,0,13.0,-0.38645367226007926
346,347,1,2,1,40.0,0,0,13.0,-0.38645367226007926
347,348,1,3,1,29.69911764705882,1,0,16.1,-0.3240711784875352
348,349,1,3,0,3.0,1,1,15.9,-0.3280958555051187
349,350,0,3,0,42.0,0,0,8.6625,-0.4737388550789211
350,351,0,3,0,23.0,0,0,9.225,-0.46241945096696757
351,352,0,1,0,29.69911764705882,0,0,35.0,0.05626079967410428
352,353,0,3,0,15.0,1,1,7.2292,-0.5025817029254332
353,354,0,3,0,25.0,1,0,17.8,-0.28986142383807556
354,355,0,3,0,29.69911764705882,0,0,7.225,-0.5026662211428025
355,356,0,3,0,28.0,0,0,9.5,-0.4568855200677903
356,357,1,1,1,22.0,0,1,55.0,0.458728501432453
357,358,0,2,1,38.0,0,0,13.0,-0.38645367226007926
358,359,1,3,1,29.69911764705882,0,0,7.8792,-0.48950150261828684
359,360,1,3,1,29.69911764705882,0,0,7.8792,-0.48950150261828684
360,361,0,3,0,40.0,1,4,27.9,-0.08661523445010953
361,362,0,2,0,29.0,1,0,27.7208,-0.09022134505786429
362,363,0,3,1,45.0,0,1,14.4542,-0.3571902456652297
363,364,0,3,0,35.0,0,0,7.05,-0.506187813533188
364,365,0,3,0,29.69911764705882,1,0,15.5,-0.3361452095402857
365,366,0,3,0,30.0,0,0,7.25,-0.5021631365156045
366,367,1,1,1,60.0,1,0,75.25,0.866227049462781
367,368,1,3,1,29.69911764705882,0,0,7.2292,-0.5025817029254332
368,369,1,3,1,29.69911764705882,0,0,7.75,-0.4921014439716458
369,370,1,1,1,24.0,0,0,69.3,0.7464929081896722
370,371,1,1,0,25.0,1,0,55.4417,0.46761700062578604
371,372,0,3,0,18.0,1,0,6.4958,-0.5173401935489119
372,373,0,3,0,19.0,0,0,8.05,-0.48606442844527054
373,374,0,1,0,22.0,0,0,135.6333,2.0813434482420257
374,375,0,3,1,3.0,3,1,21.075,-0.223957337675146
375,376,1,1,1,29.69911764705882,1,0,82.1708,1.00549697297924
376,377,1,3,1,22.0,0,0,7.25,-0.5021631365156045
377,378,0,1,0,27.0,0,2,211.5,3.6080382676915317
378,379,0,3,0,20.0,0,0,4.0125,-0.5673125957377372
379,380,0,3,0,19.0,0,0,7.775,-0.4915983593444479
380,381,1,1,1,42.0,0,0,227.525,3.9305155137254086
381,382,1,3,1,1.0,0,2,15.7417,-0.331281387364536
382,383,0,3,0,32.0,0,0,7.925,-0.4885798515812602
383,384,1,1,1,35.0,1,0,52.0,0.39835834616870064
384,385,0,3,0,29.69911764705882,0,0,7.8958,-0.48916745442582743
385,386,0,2,0,18.0,0,0,73.5,0.8310111255589255
386,387,0,3,0,1.0,5,2,46.9,0.29572908222032174
387,388,1,2,1,36.0,0,0,13.0,-0.38645367226007926
388,389,0,3,0,29.69911764705882,0,0,7.7292,-0.4925200103814745
389,390,1,2,1,17.0,0,0,12.0,-0.4065770573479967
390,391,1,1,0,36.0,1,2,120.0,1.7667485321470864
391,392,1,3,0,21.0,0,0,7.7958,-0.49117979293461916
392,393,0,3,0,28.0,2,0,7.925,-0.4885798515812602
393,394,1,1,1,23.0,1,0,113.275,1.6314187674308418
394,395,1,3,1,24.0,0,2,16.7,-0.3119971474347848
395,396,0,3,0,22.0,0,0,7.7958,-0.49117979293461916
396,397,0,3,1,31.0,0,0,7.8542,-0.49000458724548485
397,398,0,2,0,46.0,0,0,26.0,-0.12484966611715263
398,399,0,2,0,23.0,0,0,10.5,-0.4367621349798729
399,400,1,2,1,28.0,0,0,12.65,-0.3934968570408504
400,401,1,3,0,39.0,0,0,7.925,-0.4885798515812602
401,402,0,3,0,26.0,0,0,8.05,-0.48606442844527054
402,403,0,3,1,21.0,1,0,9.825,-0.4503454199142171
403,404,0,3,0,28.0,1,0,15.85,-0.32910202475951456
404,405,0,3,1,20.0,0,0,8.6625,-0.4737388550789211
405,406,0,2,0,34.0,1,0,21.0,-0.2254665915567398
406,407,0,3,0,51.0,0,0,7.75,-0.4921014439716458
407,408,1,2,0,3.0,1,1,18.75,-0.270744208004554
408,409,0,3,0,21.0,0,0,7.775,-0.4915983593444479
409,410,0,3,1,29.69911764705882,3,1,25.4667,-0.135581467384539
410,411,0,3,0,29.69911764705882,0,0,7.8958,-0.48916745442582743
411,412,0,3,0,29.69911764705882,0,0,6.8583,-0.5100454664545417
412,413,1,1,1,33.0,1,0,90.0,1.1630469795095633
413,414,0,2,0,29.69911764705882,0,0,0.0,-0.6480576784030059
414,415,1,3,0,44.0,0,0,7.925,-0.4885798515812602
415,416,0,3,1,29.69911764705882,0,0,8.05,-0.48606442844527054
416,417,1,2,1,34.0,1,1,32.5,0.005952336954310693
417,418,1,2,1,18.0,0,2,13.0,-0.38645367226007926
418,419,0,2,0,30.0,0,0,13.0,-0.38645367226007926
419,420,0,3,1,10.0,0,2,24.15,-0.1620779285297999
420,421,0,3,0,29.69911764705882,0,0,7.8958,-0.48916745442582743
421,422,0,3,0,21.0,0,0,7.7333,-0.49243750450261403
422,423,0,3,0,29.0,0,0,7.875,-0.4895860208356561
423,424,0,3,1,28.0,1,1,14.4,-0.3582809331369949
424,425,0,3,0,18.0,1,1,20.2125,-0.24131375731347482
425,426,0,3,0,29.69911764705882,0,0,7.25,-0.5021631365156045
426,427,1,2,1,28.0,1,0,26.0,-0.12484966611715263
427,428,1,2,1,19.0,0,0,26.0,-0.12484966611715263
428,429,0,3,0,29.69911764705882,0,0,7.75,-0.4921014439716458
429,430,1,3,0,32.0,0,0,8.05,-0.48606442844527054
430,431,1,1,0,28.0,0,0,26.55,-0.11378180431879803
431,432,1,3,1,29.69911764705882,1,0,16.1,-0.3240711784875352
432,433,1,2,1,42.0,1,0,26.0,-0.12484966611715263
433,434,0,3,0,17.0,0,0,7.125,-0.5046785596515942
434,435,0,1,0,50.0,1,0,55.9,0.47683954801157863
435,436,1,1,1,14.0,1,2,120.0,1.7667485321470864
436,437,0,3,1,21.0,2,2,34.375,0.043683683994155884
437,438,1,2,1,24.0,2,3,18.75,-0.270744208004554
438,439,0,1,0,64.0,1,4,263.0,4.644392599719279
439,440,0,2,0,31.0,0,0,10.5,-0.4367621349798729
440,441,1,2,1,45.0,1,1,26.25,-0.11981881984517327
441,442,0,3,0,20.0,0,0,9.5,-0.4568855200677903
442,443,0,3,0,25.0,1,0,7.775,-0.4915983593444479
443,444,1,2,1,28.0,0,0,13.0,-0.38645367226007926
444,445,1,3,0,29.69911764705882,0,0,8.1125,-0.4848067168772757
445,446,1,1,0,4.0,0,2,81.8583,0.9992084151392658
446,447,1,2,1,13.0,0,1,19.5,-0.2556516691886159
447,448,1,1,0,34.0,0,0,26.55,-0.11378180431879803
448,449,1,3,1,5.0,2,1,19.2583,-0.26051549136436564
449,450,1,1,0,52.0,0,0,30.5,-0.03429443322152417
450,451,0,2,0,36.0,1,2,27.75,-0.08963374221329712
451,452,0,3,0,29.69911764705882,1,0,19.9667,-0.24626008536808489
452,453,0,1,0,30.0,0,0,27.75,-0.08963374221329712
453,454,1,1,0,49.0,1,0,89.1042,1.1450204511478068
454,455,0,3,0,29.69911764705882,0,0,8.05,-0.48606442844527054
455,456,1,3,0,29.0,0,0,7.8958,-0.48916745442582743
456,457,0,1,0,65.0,0,0,26.55,-0.11378180431879803
457,458,1,1,1,29.69911764705882,1,0,51.8625,0.39559138071911193
458,459,1,2,1,50.0,0,0,10.5,-0.4367621349798729
459,460,0,3,0,29.69911764705882,0,0,7.75,-0.4921014439716458
460,461,1,1,0,48.0,0,0,26.55,-0.11378180431879803
461,462,0,3,0,34.0,0,0,8.05,-0.48606442844527054
462,463,0,1,0,47.0,0,0,38.5,0.1266926474818153
463,464,0,2,0,48.0,0,0,13.0,-0.38645367226007926
464,465,0,3,0,29.69911764705882,0,0,8.05,-0.48606442844527054
465,466,0,3,0,38.0,0,0,7.05,-0.506187813533188
466,467,0,2,0,29.69911764705882,0,0,0.0,-0.6480576784030059
467,468,0,1,0,56.0,0,0,26.55,-0.11378180431879803
468,469,0,3,0,29.69911764705882,0,0,7.725,-0.49260452859884374
469,470,1,3,1,0.75,2,1,19.2583,-0.26051549136436564
470,471,0,3,0,29.69911764705882,0,0,7.25,-0.5021631365156045
471,472,0,3,0,38.0,0,0,8.6625,-0.4737388550789211
472,473,1,2,1,33.0,1,2,27.75,-0.08963374221329712
473,474,1,2,1,23.0,0,0,13.7917,-0.37052198828597505
474,475,0,3,1,22.0,0,0,9.8375,-0.4500938776006182
475,476,0,1,0,29.69911764705882,0,0,52.0,0.39835834616870064
476,477,0,2,0,34.0,1,0,21.0,-0.2254665915567398
477,478,0,3,0,29.0,1,0,7.0458,-0.5062723317505573
478,479,0,3,0,22.0,0,0,7.5208,-0.49671372383379647
479,480,1,3,1,2.0,0,1,12.2875,-0.4007915841352204
480,481,0,3,0,9.0,5,2,46.9,0.29572908222032174
481,482,0,2,0,29.69911764705882,0,0,0.0,-0.6480576784030059
482,483,0,3,0,50.0,0,0,8.05,-0.48606442844527054
483,484,1,3,1,63.0,0,0,9.5875,-0.45512472387259756
484,485,1,1,0,25.0,1,0,91.0792,1.1847641366964436
485,486,0,3,1,29.69911764705882,3,1,25.4667,-0.135581467384539
486,487,1,1,1,35.0,1,0,90.0,1.1630469795095633
487,488,0,1,0,58.0,0,0,29.7,-0.05039314129185814
488,489,0,3,0,30.0,0,0,8.05,-0.48606442844527054
489,490,1,3,0,9.0,1,1,15.9,-0.3280958555051187
490,491,0,3,0,29.69911764705882,1,0,19.9667,-0.24626008536808489
491,492,0,3,0,21.0,0,0,7.25,-0.5021631365156045
492,493,0,1,0,55.0,0,0,30.5,-0.03429443322152417
493,494,0,1,0,71.0,0,0,49.5042,0.3481344016662763
494,495,0,3,0,21.0,0,0,8.05,-0.48606442844527054
495,496,0,3,0,29.69911764705882,0,0,14.4583,-0.3571077397863693
496,497,1,1,1,54.0,1,0,78.2667,0.9269332652575015
497,498,0,3,0,29.69911764705882,0,0,15.1,-0.34419456357545264
498,499,0,1,1,25.0,1,2,151.55,2.4016413316708816
499,500,0,3,0,24.0,0,0,7.7958,-0.49117979293461916
500,501,0,3,0,17.0,0,0,8.6625,-0.4737388550789211
501,502,0,3,1,21.0,0,0,7.75,-0.4921014439716458
502,503,0,3,1,29.69911764705882,0,0,7.6292,-0.4945323488902662
503,504,0,3,1,37.0,0,0,9.5875,-0.45512472387259756
504,505,1,1,1,16.0,0,0,86.5,1.0926151317018522
505,506,0,1,0,18.0,1,0,108.9,1.543378957671203
506,507,1,2,1,33.0,0,2,26.0,-0.12484966611715263
507,508,1,1,0,29.69911764705882,0,0,26.55,-0.11378180431879803
508,509,0,3,0,28.0,0,0,22.525,-0.19477842929766576
509,510,1,3,0,26.0,0,0,56.4958,0.48882906084695993
510,511,1,3,0,29.0,0,0,7.75,-0.4921014439716458
511,512,0,3,0,29.69911764705882,0,0,8.05,-0.48606442844527054
512,513,1,1,0,36.0,0,0,26.2875,-0.11906419290437634
513,514,1,1,1,54.0,1,0,59.4,0.5472713958192896
514,515,0,3,0,24.0,0,0,7.4958,-0.4972168084609944
515,516,0,1,0,47.0,0,0,34.0208,0.03655598099601555
516,517,1,2,1,34.0,0,0,10.5,-0.4367621349798729
517,518,0,3,0,29.69911764705882,0,0,24.15,-0.1620779285297999
518,519,1,2,1,36.0,1,0,26.0,-0.12484966611715263
519,520,0,3,0,32.0,0,0,7.8958,-0.48916745442582743
520,521,1,1,1,30.0,0,0,93.5,1.233478827317274
521,522,0,3,0,22.0,0,0,7.8958,-0.48916745442582743
522,523,0,3,0,29.69911764705882,0,0,7.225,-0.5026662211428025
523,524,1,1,1,44.0,0,1,57.9792,0.5186800902863765
524,525,0,3,0,29.69911764705882,0,0,7.2292,-0.5025817029254332
525,526,0,3,0,40.5,0,0,7.75,-0.4921014439716458
526,527,1,2,1,50.0,0,0,10.5,-0.4367621349798729
527,528,0,1,0,29.69911764705882,0,0,221.7792,3.8148905676872524
528,529,0,3,0,39.0,0,0,7.925,-0.4885798515812602
529,530,0,2,0,23.0,2,1,11.5,-0.41663874989195543
530,531,1,2,1,2.0,1,1,26.0,-0.12484966611715263
531,532,0,3,0,29.69911764705882,0,0,7.2292,-0.5025817029254332
532,533,0,3,0,17.0,1,1,7.2292,-0.5025817029254332
533,534,1,3,1,29.69911764705882,0,2,22.3583,-0.19813299759182154
534,535,0,3,1,30.0,0,0,8.6625,-0.4737388550789211
535,536,1,2,1,7.0,0,2,26.25,-0.11981881984517327
536,537,0,1,0,45.0,0,0,26.55,-0.11378180431879803
537,538,1,1,1,30.0,0,0,106.425,1.493573579578607
538,539,0,3,0,29.69911764705882,0,0,14.5,-0.35626859462820315
539,540,1,1,1,22.0,0,2,49.5,0.3480498834489071
540,541,1,1,1,36.0,0,2,71.0,0.7807026628391319
541,542,0,3,1,9.0,4,2,31.275,-0.018698809778388194
542,543,0,3,1,11.0,4,2,31.275,-0.018698809778388194
543,544,1,2,0,32.0,1,0,26.0,-0.12484966611715263
544,545,0,1,0,50.0,1,0,106.425,1.493573579578607
545,546,0,1,0,64.0,0,0,26.0,-0.12484966611715263
546,547,1,2,1,19.0,1,0,26.0,-0.12484966611715263
547,548,1,2,0,29.69911764705882,0,0,13.8625,-0.36909725262175047
548,549,0,3,0,33.0,1,1,20.525,-0.23502519947350062
549,550,1,2,0,8.0,1,1,36.75,0.09147672357795979
550,551,1,1,0,17.0,0,2,110.8833,1.5832896673160692
551,552,0,2,0,27.0,0,0,26.0,-0.12484966611715263
552,553,0,3,0,29.69911764705882,0,0,7.8292,-0.49050767187268274
553,554,1,3,0,22.0,0,0,7.225,-0.5026662211428025
554,555,1,3,1,22.0,0,0,7.775,-0.4915983593444479
555,556,0,1,0,62.0,0,0,26.55,-0.11378180431879803
556,557,1,1,1,48.0,1,0,39.6,0.1488283710785245
557,558,0,1,0,29.69911764705882,0,0,227.525,3.9305155137254086
558,559,1,1,1,39.0,1,1,79.65,0.9547699438496179
559,560,1,3,1,36.0,1,0,17.4,-0.2979107778732426
560,561,0,3,0,29.69911764705882,0,0,7.75,-0.4921014439716458
561,562,0,3,0,40.0,0,0,7.8958,-0.48916745442582743
562,563,0,2,0,28.0,0,0,13.5,-0.37639197971612054
563,564,0,3,0,29.69911764705882,0,0,8.05,-0.48606442844527054
564,565,0,3,1,29.69911764705882,0,0,8.05,-0.48606442844527054
565,566,0,3,0,24.0,2,0,24.15,-0.1620779285297999
566,567,0,3,0,19.0,0,0,7.8958,-0.48916745442582743
567,568,0,3,1,29.0,0,4,21.075,-0.223957337675146
568,569,0,3,0,29.69911764705882,0,0,7.2292,-0.5025817029254332
569,570,1,3,0,32.0,0,0,7.8542,-0.49000458724548485
570,571,1,2,0,62.0,0,0,10.5,-0.4367621349798729
571,572,1,1,1,53.0,2,0,51.4792,0.38787808721491324
572,573,1,1,0,36.0,0,0,26.3875,-0.11705185439558463
573,574,1,3,1,29.69911764705882,0,0,7.75,-0.4921014439716458
574,575,0,3,0,16.0,0,0,8.05,-0.48606442844527054
575,576,0,3,0,19.0,0,0,14.5,-0.35626859462820315
576,577,1,2,1,34.0,0,0,13.0,-0.38645367226007926
577,578,1,1,1,39.0,1,0,55.9,0.47683954801157863
578,579,0,3,1,29.69911764705882,1,0,14.4583,-0.3571077397863693
579,580,1,3,0,32.0,0,0,7.925,-0.4885798515812602
580,581,1,2,1,25.0,1,1,30.0,-0.044356125765482896
581,582,1,1,1,39.0,1,1,110.8833,1.5832896673160692
582,583,0,2,0,54.0,0,0,26.0,-0.12484966611715263
583,584,0,1,0,36.0,0,0,40.125,0.15939314824968112
584,585,0,3,0,29.69911764705882,0,0,8.7125,-0.4727326858245253
585,586,1,1,1,18.0,0,2,79.65,0.9547699438496179
586,587,0,2,0,47.0,0,0,15.0,-0.34620690208424443
587,588,1,1,0,60.0,1,1,79.2,0.945714420560055
588,589,0,3,0,22.0,0,0,8.05,-0.48606442844527054
589,590,0,3,0,29.69911764705882,0,0,8.05,-0.48606442844527054
590,591,0,3,0,35.0,0,0,7.125,-0.5046785596515942
591,592,1,1,1,52.0,1,0,78.2667,0.9269332652575015
592,593,0,3,0,47.0,0,0,7.25,-0.5021631365156045
593,594,0,3,1,29.69911764705882,0,2,7.75,-0.4921014439716458
594,595,0,2,0,37.0,1,0,26.0,-0.12484966611715263
595,596,0,3,0,36.0,1,1,24.15,-0.1620779285297999
596,597,1,2,1,29.69911764705882,0,0,33.0,0.01601402949826941
597,598,0,3,0,49.0,0,0,0.0,-0.6480576784030059
598,599,0,3,0,29.69911764705882,0,0,7.225,-0.5026662211428025
599,600,1,1,0,49.0,1,0,56.9292,0.4975505359440633
600,601,1,2,1,24.0,2,1,27.0,-0.1047262810292352
601,602,0,3,0,29.69911764705882,0,0,7.8958,-0.48916745442582743
602,603,0,1,0,29.69911764705882,0,0,42.4,0.20517384932469326
603,604,0,3,0,44.0,0,0,8.05,-0.48606442844527054
604,605,1,1,0,35.0,0,0,26.55,-0.11378180431879803
605,606,0,3,0,36.0,1,0,15.55,-0.3351390402858898
606,607,0,3,0,30.0,0,0,7.8958,-0.48916745442582743
607,608,1,1,0,27.0,0,0,30.5,-0.03429443322152417
608,609,1,2,1,22.0,1,2,41.5792,0.18865657484453066
609,610,1,1,1,40.0,0,0,153.4625,2.4401273056515236
610,611,0,3,1,39.0,1,5,31.275,-0.018698809778388194
611,612,0,3,0,29.69911764705882,0,0,7.05,-0.506187813533188
612,613,1,3,1,29.69911764705882,1,0,15.5,-0.3361452095402857
613,614,0,3,0,29.69911764705882,0,0,7.75,-0.4921014439716458
614,615,0,3,0,35.0,0,0,8.05,-0.48606442844527054
615,616,1,2,1,24.0,1,2,65.0,0.6599623523116273
616,617,0,3,0,34.0,1,1,14.4,-0.3582809331369949
617,618,0,3,1,26.0,1,0,16.1,-0.3240711784875352
618,619,1,2,1,4.0,2,1,39.0,0.13675434002577402
619,620,0,2,0,26.0,0,0,10.5,-0.4367621349798729
620,621,0,3,0,27.0,1,0,14.4542,-0.3571902456652297
621,622,1,1,0,42.0,1,0,52.5542,0.4095107261844245
622,623,1,3,0,20.0,1,1,15.7417,-0.331281387364536
623,624,0,3,0,21.0,0,0,7.8542,-0.49000458724548485
624,625,0,3,0,21.0,0,0,16.1,-0.3240711784875352
625,626,0,1,0,61.0,0,0,32.3208,0.002346226346555857
626,627,0,2,0,57.0,0,0,12.35,-0.39953387256722556
627,628,1,1,1,21.0,0,0,77.9583,0.9207272132963876
628,629,0,3,0,26.0,0,0,7.8958,-0.48916745442582743
629,630,0,3,0,29.69911764705882,0,0,7.7333,-0.49243750450261403
630,631,1,1,0,80.0,0,0,30.0,-0.044356125765482896
631,632,0,3,0,51.0,0,0,7.0542,-0.5061032953158188
632,633,1,1,0,32.0,0,0,30.5,-0.03429443322152417
633,634,0,1,0,29.69911764705882,0,0,0.0,-0.6480576784030059
634,635,0,3,1,9.0,3,2,27.9,-0.08661523445010953
635,636,1,2,1,28.0,0,0,13.0,-0.38645367226007926
636,637,0,3,0,32.0,0,0,7.925,-0.4885798515812602
637,638,0,2,0,31.0,1,1,26.25,-0.11981881984517327
638,639,0,3,1,41.0,0,5,39.6875,0.15058916727371724
639,640,0,3,0,29.69911764705882,1,0,16.1,-0.3240711784875352
640,641,0,3,0,20.0,0,0,7.8542,-0.49000458724548485
641,642,1,1,1,24.0,0,0,69.3,0.7464929081896722
642,643,0,3,1,2.0,3,2,27.9,-0.08661523445010953
643,644,1,3,0,29.69911764705882,0,0,56.4958,0.48882906084695993
644,645,1,3,1,0.75,2,1,19.2583,-0.26051549136436564
645,646,1,1,0,48.0,1,0,76.7292,0.8959935606848286
646,647,0,3,0,19.0,0,0,7.8958,-0.48916745442582743
647,648,1,1,0,56.0,0,0,35.5,0.066322492218063
648,649,0,3,0,29.69911764705882,0,0,7.55,-0.49612612098922926
649,650,1,3,1,23.0,0,0,7.55,-0.49612612098922926
650,651,0,3,0,29.69911764705882,0,0,7.8958,-0.48916745442582743
651,652,1,2,1,18.0,0,1,23.0,-0.18521982138090493
652,653,0,3,0,21.0,0,0,8.4333,-0.47835113494107184
653,654,1,3,1,29.69911764705882,0,0,7.8292,-0.49050767187268274
654,655,0,3,1,18.0,0,0,6.75,-0.5122248290595632
655,656,0,2,0,24.0,2,0,73.5,0.8310111255589255
656,657,0,3,0,29.69911764705882,0,0,7.8958,-0.48916745442582743
657,658,0,3,1,32.0,1,1,15.5,-0.3361452095402857
658,659,0,2,0,23.0,0,0,13.0,-0.38645367226007926
659,660,0,1,0,58.0,0,2,113.275,1.6314187674308418
660,661,1,1,0,50.0,2,0,133.65,2.0414327385971593
661,662,0,3,0,40.0,0,0,7.225,-0.5026662211428025
662,663,0,1,0,47.0,0,0,25.5875,-0.1331505624659186
663,664,0,3,0,36.0,0,0,7.4958,-0.4972168084609944
664,665,1,3,0,20.0,1,0,7.925,-0.4885798515812602
665,666,0,2,0,32.0,2,0,73.5,0.8310111255589255
666,667,0,2,0,25.0,0,0,13.0,-0.38645367226007926
667,668,0,3,0,29.69911764705882,0,0,7.775,-0.4915983593444479
668,669,0,3,0,43.0,0,0,8.05,-0.48606442844527054
669,670,1,1,1,29.69911764705882,1,0,52.0,0.39835834616870064
670,671,1,2,1,40.0,1,1,39.0,0.13675434002577402
671,672,0,1,0,31.0,1,0,52.0,0.39835834616870064
672,673,0,2,0,70.0,0,0,10.5,-0.4367621349798729
673,674,1,2,0,31.0,0,0,13.0,-0.38645367226007926
674,675,0,2,0,29.69911764705882,0,0,0.0,-0.6480576784030059
675,676,0,3,0,18.0,0,0,7.775,-0.4915983593444479
676,677,0,3,0,24.5,0,0,8.05,-0.48606442844527054
677,678,1,3,1,18.0,0,0,9.8417,-0.45000935938324893
678,679,0,3,1,43.0,1,6,46.9,0.29572908222032174
679,680,1,1,0,36.0,0,1,512.3292,9.661740104981662
680,681,0,3,1,29.69911764705882,0,0,8.1375,-0.48430363225007783
681,682,1,1,0,27.0,0,0,76.7292,0.8959935606848286
682,683,0,3,0,20.0,0,0,9.225,-0.46241945096696757
683,684,0,3,0,14.0,5,2,46.9,0.29572908222032174
684,685,0,2,0,60.0,1,1,39.0,0.13675434002577402
685,686,0,2,0,25.0,1,2,41.5792,0.18865657484453066
686,687,0,3,0,14.0,4,1,39.6875,0.15058916727371724
687,688,0,3,0,19.0,0,0,10.1708,-0.4433867533508153
688,689,0,3,0,18.0,0,0,7.7958,-0.49117979293461916
689,690,1,1,1,15.0,0,1,211.3375,3.6047682176147453
690,691,1,1,0,31.0,1,0,57.0,0.4989752716082878
691,692,1,3,1,4.0,0,1,13.4167,-0.3780682576939441
692,693,1,3,0,29.69911764705882,0,0,56.4958,0.48882906084695993
693,694,0,3,0,25.0,0,0,7.225,-0.5026662211428025
694,695,0,1,0,60.0,0,0,26.55,-0.11378180431879803
695,696,0,2,0,52.0,0,0,13.5,-0.37639197971612054
696,697,0,3,0,44.0,0,0,8.05,-0.48606442844527054
697,698,1,3,1,29.69911764705882,0,0,7.7333,-0.49243750450261403
698,699,0,1,0,49.0,1,1,110.8833,1.5832896673160692
699,700,0,3,0,42.0,0,0,7.65,-0.4941137824804376
700,701,1,1,1,18.0,1,0,227.525,3.9305155137254086
701,702,1,1,0,35.0,0,0,26.2875,-0.11906419290437634
702,703,0,3,1,18.0,0,1,14.4542,-0.3571902456652297
703,704,0,3,0,25.0,0,0,7.7417,-0.4922684680678755
704,705,0,3,0,26.0,1,0,7.8542,-0.49000458724548485
705,706,0,2,0,39.0,0,0,26.0,-0.12484966611715263
706,707,1,2,1,45.0,0,0,13.5,-0.37639197971612054
707,708,1,1,0,42.0,0,0,26.2875,-0.11906419290437634
708,709,1,1,1,22.0,0,0,151.55,2.4016413316708816
709,710,1,3,0,29.69911764705882,1,1,15.2458,-0.34126057402963433
710,711,1,1,1,24.0,0,0,49.5042,0.3481344016662763
711,712,0,1,0,29.69911764705882,0,0,26.55,-0.11378180431879803
712,713,1,1,0,48.0,1,0,52.0,0.39835834616870064
713,714,0,3,0,29.0,0,0,9.4833,-0.4572215805987585
714,715,0,2,0,52.0,0,0,13.0,-0.38645367226007926
715,716,0,3,0,19.0,0,0,7.65,-0.4941137824804376
716,717,1,1,1,38.0,0,0,227.525,3.9305155137254086
717,718,1,2,1,27.0,0,0,10.5,-0.4367621349798729
718,719,0,3,0,29.69911764705882,0,0,15.5,-0.3361452095402857
719,720,0,3,0,33.0,0,0,7.775,-0.4915983593444479
720,721,1,2,1,6.0,0,1,33.0,0.01601402949826941
721,722,0,3,0,17.0,1,0,7.0542,-0.5061032953158188
722,723,0,2,0,34.0,0,0,13.0,-0.38645367226007926
723,724,0,2,0,50.0,0,0,13.0,-0.38645367226007926
724,725,1,1,0,27.0,1,0,53.1,0.4204940697654099
725,726,0,3,0,20.0,0,0,8.6625,-0.4737388550789211
726,727,1,2,1,30.0,3,0,21.0,-0.2254665915567398
727,728,1,3,1,29.69911764705882,0,0,7.7375,-0.49235298628524476
728,729,0,2,0,25.0,1,0,26.0,-0.12484966611715263
729,730,0,3,1,25.0,1,0,7.925,-0.4885798515812602
730,731,1,1,1,29.0,0,0,211.3375,3.6047682176147453
731,732,0,3,0,11.0,0,0,18.7875,-0.2699895810637571
732,733,0,2,0,29.69911764705882,0,0,0.0,-0.6480576784030059
733,734,0,2,0,23.0,0,0,13.0,-0.38645367226007926
734,735,0,2,0,23.0,0,0,13.0,-0.38645367226007926
735,736,0,3,0,28.5,0,0,16.1,-0.3240711784875352
736,737,0,3,1,48.0,1,3,34.375,0.043683683994155884
737,738,1,1,0,35.0,0,0,512.3292,9.661740104981662
738,739,0,3,0,29.69911764705882,0,0,7.8958,-0.48916745442582743
739,740,0,3,0,29.69911764705882,0,0,7.8958,-0.48916745442582743
740,741,1,1,0,29.69911764705882,0,0,30.0,-0.044356125765482896
741,742,0,1,0,36.0,1,0,78.85,0.9386712357792837
742,743,1,1,1,21.0,2,2,262.375,4.631815484039331
743,744,0,3,0,24.0,1,0,16.1,-0.3240711784875352
744,745,1,3,0,31.0,0,0,7.925,-0.4885798515812602
745,746,0,1,0,70.0,1,1,71.0,0.7807026628391319
746,747,0,3,0,16.0,1,1,20.25,-0.24055913037267787
747,748,1,2,1,30.0,0,0,13.0,-0.38645367226007926
748,749,0,1,0,19.0,1,0,53.1,0.4204940697654099
749,750,0,3,0,31.0,0,0,7.75,-0.4921014439716458
750,751,1,2,1,4.0,1,1,23.0,-0.18521982138090493
751,752,1,3,0,6.0,0,1,12.475,-0.3970184494312359
752,753,0,3,0,33.0,0,0,9.5,-0.4568855200677903
753,754,0,3,0,23.0,0,0,7.8958,-0.48916745442582743
754,755,1,2,1,48.0,1,2,65.0,0.6599623523116273
755,756,1,2,0,0.67,1,1,14.5,-0.35626859462820315
756,757,0,3,0,28.0,0,0,7.7958,-0.49117979293461916
757,758,0,2,0,18.0,0,0,11.5,-0.41663874989195543
758,759,0,3,0,34.0,0,0,8.05,-0.48606442844527054
759,760,1,1,1,33.0,0,0,86.5,1.0926151317018522
760,761,0,3,0,29.69911764705882,0,0,14.5,-0.35626859462820315
761,762,0,3,0,41.0,0,0,7.125,-0.5046785596515942
762,763,1,3,0,20.0,0,0,7.2292,-0.5025817029254332
763,764,1,1,1,36.0,1,2,120.0,1.7667485321470864
764,765,0,3,0,16.0,0,0,7.775,-0.4915983593444479
765,766,1,1,1,51.0,1,0,77.9583,0.9207272132963876
766,767,0,1,0,29.69911764705882,0,0,39.6,0.1488283710785245
767,768,0,3,1,30.5,0,0,7.75,-0.4921014439716458
768,769,0,3,0,29.69911764705882,1,0,24.15,-0.1620779285297999
769,770,0,3,0,32.0,0,0,8.3625,-0.47977587060529636
770,771,0,3,0,24.0,0,0,9.5,-0.4568855200677903
771,772,0,3,0,48.0,0,0,7.8542,-0.49000458724548485
772,773,0,2,1,57.0,0,0,10.5,-0.4367621349798729
773,774,0,3,0,29.69911764705882,0,0,7.225,-0.5026662211428025
774,775,1,2,1,54.0,1,3,23.0,-0.18521982138090493
775,776,0,3,0,18.0,0,0,7.75,-0.4921014439716458
776,777,0,3,0,29.69911764705882,0,0,7.75,-0.4921014439716458
777,778,1,3,1,5.0,0,0,12.475,-0.3970184494312359
778,779,0,3,0,29.69911764705882,0,0,7.7375,-0.49235298628524476
779,780,1,1,1,43.0,0,1,211.3375,3.6047682176147453
780,781,1,3,1,13.0,0,0,7.2292,-0.5025817029254332
781,782,1,1,1,17.0,1,0,57.0,0.4989752716082878
782,783,0,1,0,29.0,0,0,30.0,-0.044356125765482896
783,784,0,3,0,29.69911764705882,1,2,23.45,-0.1761642980913421
784,785,0,3,0,25.0,0,0,7.05,-0.506187813533188
785,786,0,3,0,25.0,0,0,7.25,-0.5021631365156045
786,787,1,3,1,18.0,0,0,7.4958,-0.4972168084609944
787,788,0,3,0,8.0,4,1,29.125,-0.061964087717410646
788,789,1,3,0,1.0,1,2,20.575,-0.23401903021910472
789,790,0,1,0,46.0,0,0,79.2,0.945714420560055
790,791,0,3,0,29.69911764705882,0,0,7.75,-0.4921014439716458
791,792,0,2,0,16.0,0,0,26.0,-0.12484966611715263
792,793,0,3,1,29.69911764705882,8,2,69.55,0.7515237544616515
793,794,0,1,0,29.69911764705882,0,0,30.6958,-0.030354274421309974
794,795,0,3,0,25.0,0,0,7.8958,-0.48916745442582743
795,796,0,2,0,39.0,0,0,13.0,-0.38645367226007926
796,797,1,1,1,49.0,0,0,25.9292,-0.12627440178137717
797,798,1,3,1,31.0,0,0,8.6833,-0.4733202886690925
798,799,0,3,0,30.0,0,0,7.2292,-0.5025817029254332
799,800,0,3,1,30.0,1,1,24.15,-0.1620779285297999
800,801,0,2,0,34.0,0,0,13.0,-0.38645367226007926
801,802,1,2,1,31.0,1,1,26.25,-0.11981881984517327
802,803,1,1,0,11.0,1,2,120.0,1.7667485321470864
803,804,1,3,0,0.42,0,1,8.5167,-0.4766728446247395
804,805,1,3,0,27.0,0,0,6.975,-0.5076970674147818
805,806,0,3,0,31.0,0,0,7.775,-0.4915983593444479
806,807,0,1,0,39.0,0,0,0.0,-0.6480576784030059
807,808,0,3,1,18.0,0,0,7.775,-0.4915983593444479
808,809,0,2,0,39.0,0,0,13.0,-0.38645367226007926
809,810,1,1,1,33.0,1,0,53.1,0.4204940697654099
810,811,0,3,0,26.0,0,0,7.8875,-0.4893344785220572
811,812,0,3,0,39.0,0,0,24.15,-0.1620779285297999
812,813,0,2,0,35.0,0,0,10.5,-0.4367621349798729
813,814,0,3,1,6.0,4,2,31.275,-0.018698809778388194
814,815,0,3,0,30.5,0,0,8.05,-0.48606442844527054
815,816,0,1,0,29.69911764705882,0,0,0.0,-0.6480576784030059
816,817,0,3,1,23.0,0,0,7.925,-0.4885798515812602
817,818,0,2,0,31.0,1,1,37.0042,0.09659208806730835
818,819,0,3,0,43.0,0,0,6.45,-0.5182618445859385
819,820,0,3,0,10.0,3,2,27.9,-0.08661523445010953
820,821,1,1,1,52.0,1,1,93.5,1.233478827317274
821,822,1,3,0,27.0,0,0,8.6625,-0.4737388550789211
822,823,0,1,0,38.0,0,0,0.0,-0.6480576784030059
823,824,1,3,1,27.0,0,1,12.475,-0.3970184494312359
824,825,0,3,0,2.0,4,1,39.6875,0.15058916727371724
825,826,0,3,0,29.69911764705882,0,0,6.95,-0.5082001520419798
826,827,0,3,0,29.69911764705882,0,0,56.4958,0.48882906084695993
827,828,1,2,0,1.0,0,2,37.0042,0.09659208806730835
828,829,1,3,0,29.69911764705882,0,0,7.75,-0.4921014439716458
829,830,1,1,1,62.0,0,0,80.0,0.9618131286303888
830,831,1,3,1,15.0,1,0,14.4542,-0.3571902456652297
831,832,1,2,0,0.83,1,1,18.75,-0.270744208004554
832,833,0,3,0,29.69911764705882,0,0,7.2292,-0.5025817029254332
833,834,0,3,0,23.0,0,0,7.8542,-0.49000458724548485
834,835,0,3,0,18.0,0,0,8.3,-0.4810335821732912
835,836,1,1,1,39.0,1,1,83.1583,1.0253688157535583
836,837,0,3,0,21.0,0,0,8.6625,-0.4737388550789211
837,838,0,3,0,29.69911764705882,0,0,8.05,-0.48606442844527054
838,839,1,3,0,32.0,0,0,56.4958,0.48882906084695993
839,840,1,1,0,29.69911764705882,0,0,29.7,-0.05039314129185814
840,841,0,3,0,20.0,0,0,7.925,-0.4885798515812602
841,842,0,2,0,16.0,0,0,10.5,-0.4367621349798729
842,843,1,1,1,30.0,0,0,31.0,-0.024232740677565458
843,844,0,3,0,34.5,0,0,6.4375,-0.5185133868995374
844,845,0,3,0,17.0,0,0,8.6625,-0.4737388550789211
845,846,0,3,0,42.0,0,0,7.55,-0.49612612098922926
846,847,0,3,0,29.69911764705882,8,2,69.55,0.7515237544616515
847,848,0,3,0,35.0,0,0,7.8958,-0.48916745442582743
848,849,0,2,0,28.0,0,1,33.0,0.01601402949826941
849,850,1,1,1,29.69911764705882,1,0,89.1042,1.1450204511478068
850,851,0,3,0,4.0,4,2,31.275,-0.018698809778388194
851,852,0,3,0,74.0,0,0,7.775,-0.4915983593444479
852,853,0,3,1,9.0,1,1,15.2458,-0.34126057402963433
853,854,1,1,1,16.0,0,1,39.4,0.14480369406094096
854,855,0,2,1,44.0,1,0,26.0,-0.12484966611715263
855,856,1,3,1,18.0,0,1,9.35,-0.4599040278309779
856,857,1,1,1,45.0,1,1,164.8667,2.669618413871152
857,858,1,1,0,51.0,0,0,26.55,-0.11378180431879803
858,859,1,3,1,24.0,0,3,19.2583,-0.26051549136436564
859,860,0,3,0,29.69911764705882,0,0,7.2292,-0.5025817029254332
860,861,0,3,0,41.0,2,0,14.1083,-0.3641509245671404
861,862,0,2,0,21.0,1,0,11.5,-0.41663874989195543
862,863,1,1,1,48.0,0,0,25.9292,-0.12627440178137717
863,864,0,3,1,29.69911764705882,8,2,69.55,0.7515237544616515
864,865,0,2,0,24.0,0,0,13.0,-0.38645367226007926
865,866,1,2,1,42.0,0,0,13.0,-0.38645367226007926
866,867,1,2,1,27.0,1,0,13.8583,-0.36918177083911974
867,868,0,1,0,31.0,0,0,50.4958,0.3680887503194553
868,869,0,3,0,29.69911764705882,0,0,9.5,-0.4568855200677903
869,870,1,3,0,4.0,1,1,11.1333,-0.42401799520369476
870,871,0,3,0,26.0,0,0,7.8958,-0.48916745442582743
871,872,1,1,1,47.0,1,1,52.5542,0.4095107261844245
872,873,0,1,0,33.0,0,0,5.0,-0.5474407529634188
873,874,0,3,0,47.0,0,0,9.0,-0.466947212611749
874,875,1,2,1,28.0,1,0,24.0,-0.1650964362929875
875,876,1,3,1,15.0,0,0,7.225,-0.5026662211428025
876,877,0,3,0,20.0,0,0,9.8458,-0.44992685350438844
877,878,0,3,0,19.0,0,0,7.8958,-0.48916745442582743
878,879,0,3,0,29.69911764705882,0,0,7.8958,-0.48916745442582743
879,880,1,1,1,56.0,0,1,83.1583,1.0253688157535583
880,881,1,2,1,25.0,0,1,26.0,-0.12484966611715263
881,882,0,3,0,33.0,0,0,7.8958,-0.48916745442582743
882,883,0,3,1,22.0,0,0,10.5167,-0.43642607444890463
883,884,0,2,0,28.0,0,0,10.5,-0.4367621349798729
884,885,0,3,0,25.0,0,0,7.05,-0.506187813533188
885,886,0,3,1,39.0,0,5,29.125,-0.061964087717410646
886,887,0,2,0,27.0,0,0,13.0,-0.38645367226007926
887,888,1,1,1,19.0,0,0,30.0,-0.044356125765482896
888,889,0,3,1,29.69911764705882,1,2,23.45,-0.1761642980913421
889,890,1,1,0,26.0,0,0,30.0,-0.044356125765482896
890,891,0,3,0,32.0,0,0,7.75,-0.4921014439716458
